"AccountId","NumOfTerroredForums","Forum","DisplayName","VoteDiff","Reputation","ProfileImageUrl"
6085540,16,"anime","Glorfindel",133,215,"https://i.stack.imgur.com/Haz6W.jpg?s=128&g=1"
6085540,16,"beer","Glorfindel",10,139,"https://i.stack.imgur.com/Haz6W.jpg?s=128&g=1"
6085540,16,"bicycles","Glorfindel",127,323,"https://i.stack.imgur.com/Haz6W.jpg?s=128&g=1"
6085540,16,"christianity","Glorfindel",34,163,"https://i.stack.imgur.com/Haz6W.jpg?s=128&g=1"
6085540,16,"cooking","Glorfindel",151,415,"https://i.stack.imgur.com/Haz6W.jpg?s=128&g=1"
6085540,16,"diy","Glorfindel",297,855,"https://i.stack.imgur.com/Haz6W.jpg?s=128&g=1"
6085540,16,"history","Glorfindel",109,1165,"https://i.stack.imgur.com/Haz6W.jpg?s=128&g=1"
6085540,16,"homebrew","Glorfindel",6,161,"https://i.stack.imgur.com/Haz6W.jpg?s=128&g=1"
6085540,16,"judaism","Glorfindel",46,257,"https://i.stack.imgur.com/Haz6W.jpg?s=128&g=1"
6085540,16,"lifehacks","Glorfindel",29,1008,"https://i.stack.imgur.com/Haz6W.jpg?s=128&g=1"
6085540,16,"money","Glorfindel",357,833,"https://i.stack.imgur.com/Haz6W.jpg?s=128&g=1"
6085540,16,"music","Glorfindel",71,2976,"https://i.stack.imgur.com/Haz6W.jpg?s=128&g=1"
6085540,16,"photo","Glorfindel",107,831,"https://i.stack.imgur.com/Haz6W.jpg?s=128&g=1"
6085540,16,"rpg","Glorfindel",334,1097,"https://i.stack.imgur.com/Haz6W.jpg?s=128&g=1"
6085540,16,"workplace","Glorfindel",661,2735,"https://i.stack.imgur.com/Haz6W.jpg?s=128&g=1"
6085540,16,"worldbuilding","Glorfindel",294,1289,"https://i.stack.imgur.com/Haz6W.jpg?s=128&g=1"
4333085,4,"bicycles","Peter Duniho",29,530,"https://www.gravatar.com/avatar/dcc3c1ad5e4ae4d79ba377020978d107?s=128&d=identicon&r=PG&f=1"
4333085,4,"cooking","Peter Duniho",14,322,"https://www.gravatar.com/avatar/dcc3c1ad5e4ae4d79ba377020978d107?s=128&d=identicon&r=PG&f=1"
4333085,4,"diy","Peter Duniho",19,1109,"https://www.gravatar.com/avatar/dcc3c1ad5e4ae4d79ba377020978d107?s=128&d=identicon&r=PG&f=1"
4333085,4,"rpg","Peter Duniho",18,894,"https://www.gravatar.com/avatar/dcc3c1ad5e4ae4d79ba377020978d107?s=128&d=identicon&r=PG&f=1"
24885,3,"bicycles","Peter Mortensen",11,186,""
24885,3,"cooking","Peter Mortensen",22,170,""
24885,3,"music","Peter Mortensen",29,184,""
34933,3,"beer","Robert Cartaino",3,284,""
34933,3,"judaism","Robert Cartaino",5,101,"https://www.gravatar.com/avatar/2711dff8fd580a3db6177262c2735ac6?s=128&d=identicon&r=PG&f=1"
34933,3,"lifehacks","Robert Cartaino",461,6487,""
300272,3,"bicycles","paparazzo",93,15030,"https://i.stack.imgur.com/N7ogx.png"
300272,3,"cooking","paparazzo",127,6334,"https://i.stack.imgur.com/N7ogx.png?s=128&g=1"
300272,3,"workplace","paparazzo",528,36178,"https://i.stack.imgur.com/N7ogx.png"
